{
    "camera_matrix": [
        [
            1444.733630054658,
            0.0,
            176.61266047130766
        ],
        [
            0.0,
            1456.2919254009053,
            313.6877659313908
        ],
        [
            0.0,
            0.0,
            1.0
        ]
    ],
    "dist_coeff": [
        [
            0.0,
            0.0,
            0.0,
            0.0,
            0.0
        ]
    ]
}