{
    "camera_matrix": [
        [
            1395.5234157417574,
            0.0,
            343.0235392959833
        ],
        [
            0.0,
            1386.1006173540598,
            189.5086298535334
        ],
        [
            0.0,
            0.0,
            1.0
        ]
    ],
    "dist_coeff": [
        [
            -0.33974789070272654,
            -24.607441457579096,
            0.03974069576170164,
            -0.004173592297721077,
            335.46168143749367
        ]
    ]
}